{"total_return": 18.738280431146716, "buy_hold_return_rate": 10.730054079539576}